{"cameraMode":{"drawMode":0,"name":"Shaded","section":"Shading Mode"},"sceneLighting":true,"audioPlay":false,"sceneViewState":{"showFog":true,"showMaterialUpdate":false,"showSkybox":true,"showFlares":true,"showImageEffects":true,"showParticleSystems":true},"in2DMode":false,"pivot":{"x":0.5490412712097168,"y":-0.15411590039730073,"z":0.06057426333427429},"rotation":{"x":0.12204233556985855,"y":0.24590881168842317,"z":-0.031226996332406999,"w":0.9610714912414551},"size":0.24865418672561646,"orthographic":false}