{"cameraMode":{"drawMode":0,"name":"Shaded","section":"Shading Mode"},"sceneLighting":true,"audioPlay":false,"sceneViewState":{"showFog":true,"showMaterialUpdate":false,"showSkybox":true,"showFlares":true,"showImageEffects":true,"showParticleSystems":true},"in2DMode":false,"pivot":{"x":-34.6719970703125,"y":0.1997542828321457,"z":-87.1529769897461},"rotation":{"x":-0.03382764011621475,"y":-0.06231771782040596,"z":0.002114802598953247,"w":-0.997484564781189},"size":0.08660253882408142,"orthographic":false}