{"cameraMode":{"drawMode":0,"name":"Shaded","section":"Shading Mode"},"sceneLighting":true,"audioPlay":false,"sceneViewState":{"showFog":true,"showMaterialUpdate":false,"showSkybox":true,"showFlares":true,"showImageEffects":true,"showParticleSystems":true},"in2DMode":false,"pivot":{"x":-0.012700021266937256,"y":0.20000001788139344,"z":0.0},"rotation":{"x":0.012084045447409153,"y":-0.6229809522628784,"z":-0.006485341116786003,"w":-0.7823023200035095},"size":0.9100344181060791,"orthographic":true}